SET IDENTITY_INSERT [dbo].[role] ON
INSERT INTO [dbo].[role] ([Id], [function]) VALUES (1, N'admin')
INSERT INTO [dbo].[role] ([Id], [function]) VALUES (2, N'user')
SET IDENTITY_INSERT [dbo].[role] OFF

SET IDENTITY_INSERT [dbo].[user] ON
INSERT INTO [dbo].[user] ([Id], [first_name], [last_name], [phone], [email], [password], [role_id], [banned_user]) VALUES (2, N'Nicolas', N'Troccaz', N'0123456789', N'me@me.com', N'12345678', 1, 0)
INSERT INTO [dbo].[user] ([Id], [first_name], [last_name], [phone], [email], [password], [role_id], [banned_user]) VALUES (3, N'John', N'Doe', N'0000000000', N'john@doe.com', N'1234', 2, 0)
INSERT INTO [dbo].[user] ([Id], [first_name], [last_name], [phone], [email], [password], [role_id], [banned_user]) VALUES (5, N'Billy', N'Bob', N'1122334455', N'billy@bob.com', N'P@ssw0rd', 2, 0)
INSERT INTO [dbo].[user] ([Id], [first_name], [last_name], [phone], [email], [password], [role_id], [banned_user]) VALUES (7, N'turlu', N'tutu', N'1234567899', N'turlututu@chapo.tu', N'P@ssw0rd', 2, 0)
INSERT INTO [dbo].[user] ([Id], [first_name], [last_name], [phone], [email], [password], [role_id], [banned_user]) VALUES (15, N'tmp1', N'tmp1', N'1111111111', N'tmp@tmp.tmp', N'P@ssw0rd', 2, 1)
SET IDENTITY_INSERT [dbo].[user] OFF

SET IDENTITY_INSERT [dbo].[faq] ON
INSERT INTO [dbo].[faq] ([Id], [question], [answer]) VALUES (1, N'What is Netflix?', N'Netflix is a streaming service that offers a wide variety of award-winning TV shows, movies, anime, documentaries, and more on thousands of internet-connected devices.\n\nYou can watch as much as you want, whenever you want without a single commercial – all for one low monthly price. There''s always something new to discover and new TV shows and movies are added every week!')
INSERT INTO [dbo].[faq] ([Id], [question], [answer]) VALUES (2, N'How much does Netflix cost?', N'Watch Netflix on your smartphone, tablet, Smart TV, laptop, or streaming device, all for one fixed monthly fee. Plans range from EUR8.99 to EUR17.99 a month. No extra costs, no contracts.')
INSERT INTO [dbo].[faq] ([Id], [question], [answer]) VALUES (3, N'Where can I watch?', N'Watch anywhere, anytime. Sign in with your Netflix account to watch instantly on the web at netflix.com from your personal computer or on any internet-connected device that offers the Netflix app, including smart TVs, smartphones, tablets, streaming media players and game consoles.\n\nYou can also download your favorite shows with the iOS, Android, or Windows 10 app. Use downloads to watch while you''re on the go and without an internet connection. Take Netflix with you anywhere.')
INSERT INTO [dbo].[faq] ([Id], [question], [answer]) VALUES (4, N'How do I cancel?', N'Netflix is flexible. There are no pesky contracts and no commitments. You can easily cancel your account online in two clicks. There are no cancellation fees – start or stop your account anytime.')
INSERT INTO [dbo].[faq] ([Id], [question], [answer]) VALUES (5, N'What can I watch on Netflix?', N'Netflix has an extensive library of feature films, documentaries, TV shows, anime, award-winning Netflix originals, and more. Watch as much as you want, anytime you want.')
INSERT INTO [dbo].[faq] ([Id], [question], [answer]) VALUES (6, N'Is Netflix good for kids?', N'The Netflix Kids experience is included in your membership to give parents control while kids enjoy family-friendly TV shows and movies in their own space.\n\nKids profiles come with PIN-protected parental controls that let you restrict the maturity rating of content kids can watch and block specific titles you don’t want kids to see.')
INSERT INTO [dbo].[faq] ([Id], [question], [answer]) VALUES (8, N'Lorem, ipsum dolor sit amet consectetur adipisicing elit?', N'Lorem ipsum dolor sit amet consectetur adipisicing elit. Architecto dicta veritatis, excepturi officia velit amet, in, odio quae eum quam quo sunt totam distinctio ex quidem? Repellat aut esse nemo provident ad.')
SET IDENTITY_INSERT [dbo].[faq] OFF

SET IDENTITY_INSERT [dbo].[category] ON
INSERT INTO [dbo].[category] ([Id], [name]) VALUES (1, N'Movies')
INSERT INTO [dbo].[category] ([Id], [name]) VALUES (2, N'TV shows')
SET IDENTITY_INSERT [dbo].[category] OFF

SET IDENTITY_INSERT [dbo].[genre] ON
INSERT INTO [dbo].[genre] ([Id], [name]) VALUES (1, N'Action')
INSERT INTO [dbo].[genre] ([Id], [name]) VALUES (2, N'Adventure')
INSERT INTO [dbo].[genre] ([Id], [name]) VALUES (3, N'Animation')
INSERT INTO [dbo].[genre] ([Id], [name]) VALUES (4, N'Biography')
INSERT INTO [dbo].[genre] ([Id], [name]) VALUES (5, N'Comedy')
INSERT INTO [dbo].[genre] ([Id], [name]) VALUES (6, N'Crime')
INSERT INTO [dbo].[genre] ([Id], [name]) VALUES (7, N'Documentary')
INSERT INTO [dbo].[genre] ([Id], [name]) VALUES (8, N'Drama')
INSERT INTO [dbo].[genre] ([Id], [name]) VALUES (9, N'Family')
INSERT INTO [dbo].[genre] ([Id], [name]) VALUES (10, N'Fantasy')
INSERT INTO [dbo].[genre] ([Id], [name]) VALUES (11, N'Game show')
INSERT INTO [dbo].[genre] ([Id], [name]) VALUES (12, N'History')
INSERT INTO [dbo].[genre] ([Id], [name]) VALUES (13, N'Horror')
INSERT INTO [dbo].[genre] ([Id], [name]) VALUES (14, N'Music')
INSERT INTO [dbo].[genre] ([Id], [name]) VALUES (15, N'Musical')
INSERT INTO [dbo].[genre] ([Id], [name]) VALUES (16, N'Mystery')
INSERT INTO [dbo].[genre] ([Id], [name]) VALUES (17, N'News')
INSERT INTO [dbo].[genre] ([Id], [name]) VALUES (18, N'Reality TV')
INSERT INTO [dbo].[genre] ([Id], [name]) VALUES (19, N'Romance')
INSERT INTO [dbo].[genre] ([Id], [name]) VALUES (20, N'Sci Fi')
INSERT INTO [dbo].[genre] ([Id], [name]) VALUES (21, N'Sport')
INSERT INTO [dbo].[genre] ([Id], [name]) VALUES (22, N'Superhero')
INSERT INTO [dbo].[genre] ([Id], [name]) VALUES (23, N'Talk_Show')
INSERT INTO [dbo].[genre] ([Id], [name]) VALUES (24, N'Thriller')
INSERT INTO [dbo].[genre] ([Id], [name]) VALUES (25, N'War')
INSERT INTO [dbo].[genre] ([Id], [name]) VALUES (26, N'Western')
SET IDENTITY_INSERT [dbo].[genre] OFF

SET IDENTITY_INSERT [dbo].[resource] ON
INSERT INTO [dbo].[resource] ([Id], [category], [name], [infos], [season]) VALUES (7, 1, N'Top Gun: Maverick', N'After more than thirty years of service as one of the Navy’s top aviators, and dodging the advancement in rank that would ground him, Pete “Maverick” Mitchell finds himself training a detachment of TOP GUN graduates for a specialized mission the likes of which no living pilot has ever seen.', N'')
INSERT INTO [dbo].[resource] ([Id], [category], [name], [infos], [season]) VALUES (8, 1, N'Samaritan', N'Thirteen year old Sam Cleary  suspects that his mysteriously reclusive neighbor Mr. Smith is actually the legendary vigilante Samaritan, who was reported dead 20 years ago. With crime on the rise and the city on the brink of chaos, Sam makes it his mission to coax his neighbor out of hiding to save the city from ruin.', N'')
INSERT INTO [dbo].[resource] ([Id], [category], [name], [infos], [season]) VALUES (9, 1, N'Nope', N'Residents in a lonely gulch of inland California bear witness to an uncanny, chilling discovery.', N'')
INSERT INTO [dbo].[resource] ([Id], [category], [name], [infos], [season]) VALUES (10, 1, N'DC League of Super-Pets', N'When Superman and the rest of the Justice League are kidnapped, Krypto the Super-Dog must convince a rag-tag shelter pack - Ace the hound, PB the potbellied pig, Merton the turtle and Chip the squirrel - to master their own newfound powers and help him rescue the superheroes.', N'')
INSERT INTO [dbo].[resource] ([Id], [category], [name], [infos], [season]) VALUES (12, 2, N'House of the Dragon', N'The prequel series finds the Targaryen dynasty at the absolute apex of its power, with more than 15 dragons under their yoke. Most empires—real and imagined—crumble from such heights. In the case of the Targaryens, their slow fall begins almost 193 years before the events of Game of Thrones, when King Viserys Targaryen breaks with a century of tradition by naming his daughter Rhaenyra heir to the Iron Throne. But when Viserys later fathers a son, the court is shocked when Rhaenyra retains her status as his heir, and seeds of division sow friction across the realm.', N'1')
INSERT INTO [dbo].[resource] ([Id], [category], [name], [infos], [season]) VALUES (13, 2, N'The Sandman', N'After years of imprisonment, Morpheus — the King of Dreams — embarks on a journey across worlds to find what was stolen from him and restore his power.', N'1')
INSERT INTO [dbo].[resource] ([Id], [category], [name], [infos], [season]) VALUES (14, 1, N'Prey', N'When danger threatens her camp, the fierce and highly skilled Comanche warrior Naru sets out to protect her people. But the prey she stalks turns out to be a highly evolved alien predator with a technically advanced arsenal.', N'')
INSERT INTO [dbo].[resource] ([Id], [category], [name], [infos], [season]) VALUES (15, 1, N'Day Shift', N'An LA vampire hunter has a week to come up with the cash to pay for his kid''s tuition and braces. Trying to make a living these days just might kill him.', N'')
INSERT INTO [dbo].[resource] ([Id], [category], [name], [infos], [season]) VALUES (16, 2, N'She-Hulk: Attorney at Law', N'Jennifer Walters navigates the complicated life of a single, 30-something attorney who also happens to be a green 6-foot-7-inch superpowered hulk.', N'1')
INSERT INTO [dbo].[resource] ([Id], [category], [name], [infos], [season]) VALUES (17, 2, N'See', N'A virus has decimated humankind. Those who survived emerged blind. Centuries later when twins are born with the mythic ability to see, their father must protect his tribe against a threatened queen.', N'1')
INSERT INTO [dbo].[resource] ([Id], [category], [name], [infos], [season]) VALUES (18, 2, N'Game of Thrones', N'Seven noble families fight for control of the mythical land of Westeros. Friction between the houses leads to full-scale war. All while a very ancient evil awakens in the farthest north. Amidst the war, a neglected military order of misfits, the Night''s Watch, is all that stands between the realms of men and icy horrors beyond.', N'1')
INSERT INTO [dbo].[resource] ([Id], [category], [name], [infos], [season]) VALUES (19, 2, N'Better call Saul', N'Six years before Saul Goodman meets Walter White. We meet him when the man who will become Saul Goodman is known as Jimmy McGill, a small-time lawyer searching for his destiny, and, more immediately, hustling to make ends meet. Working alongside, and, often, against Jimmy, is “fixer” Mike Ehrmantraut. The series tracks Jimmy’s transformation into Saul Goodman, the man who puts “criminal” in “criminal lawyer".', N'1')
INSERT INTO [dbo].[resource] ([Id], [category], [name], [infos], [season]) VALUES (21, 2, N'Stranger Things', N'When a young boy vanishes, a small town uncovers a mystery involving secret experiments, terrifying supernatural forces, and one strange little girl.', N'1')
INSERT INTO [dbo].[resource] ([Id], [category], [name], [infos], [season]) VALUES (22, 1, N'Minions: The Rise of Gru', N'A fanboy of a supervillain supergroup known as the Vicious 6, Gru hatches a plan to become evil enough to join them, with the backup of his followers, the Minions.', N'')
INSERT INTO [dbo].[resource] ([Id], [category], [name], [infos], [season]) VALUES (23, 1, N'Thor: Love and Thunder', N'After his retirement is interrupted by Gorr the God Butcher, a galactic killer who seeks the extinction of the gods, Thor Odinson enlists the help of King Valkyrie, Korg, and ex-girlfriend Jane Foster, who now inexplicably wields Mjolnir as the Relatively Mighty Girl Thor. Together they embark upon a harrowing cosmic adventure to uncover the mystery of the God Butcher’s vengeance and stop him before it’s too late.', N'')
SET IDENTITY_INSERT [dbo].[resource] OFF

SET IDENTITY_INSERT [dbo].[genre_resource] ON
INSERT INTO [dbo].[genre_resource] ([Id], [resource_id], [genre_id]) VALUES (11, 7, 1)
INSERT INTO [dbo].[genre_resource] ([Id], [resource_id], [genre_id]) VALUES (12, 7, 8)
INSERT INTO [dbo].[genre_resource] ([Id], [resource_id], [genre_id]) VALUES (14, 8, 1)
INSERT INTO [dbo].[genre_resource] ([Id], [resource_id], [genre_id]) VALUES (15, 8, 8)
INSERT INTO [dbo].[genre_resource] ([Id], [resource_id], [genre_id]) VALUES (16, 8, 10)
INSERT INTO [dbo].[genre_resource] ([Id], [resource_id], [genre_id]) VALUES (17, 8, 20)
INSERT INTO [dbo].[genre_resource] ([Id], [resource_id], [genre_id]) VALUES (18, 9, 13)
INSERT INTO [dbo].[genre_resource] ([Id], [resource_id], [genre_id]) VALUES (19, 9, 16)
INSERT INTO [dbo].[genre_resource] ([Id], [resource_id], [genre_id]) VALUES (20, 9, 20)
INSERT INTO [dbo].[genre_resource] ([Id], [resource_id], [genre_id]) VALUES (21, 9, 24)
INSERT INTO [dbo].[genre_resource] ([Id], [resource_id], [genre_id]) VALUES (23, 10, 1)
INSERT INTO [dbo].[genre_resource] ([Id], [resource_id], [genre_id]) VALUES (24, 10, 3)
INSERT INTO [dbo].[genre_resource] ([Id], [resource_id], [genre_id]) VALUES (25, 10, 5)
INSERT INTO [dbo].[genre_resource] ([Id], [resource_id], [genre_id]) VALUES (26, 10, 9)
INSERT INTO [dbo].[genre_resource] ([Id], [resource_id], [genre_id]) VALUES (27, 10, 20)
INSERT INTO [dbo].[genre_resource] ([Id], [resource_id], [genre_id]) VALUES (28, 12, 1)
INSERT INTO [dbo].[genre_resource] ([Id], [resource_id], [genre_id]) VALUES (29, 12, 2)
INSERT INTO [dbo].[genre_resource] ([Id], [resource_id], [genre_id]) VALUES (30, 12, 8)
INSERT INTO [dbo].[genre_resource] ([Id], [resource_id], [genre_id]) VALUES (31, 12, 10)
INSERT INTO [dbo].[genre_resource] ([Id], [resource_id], [genre_id]) VALUES (32, 13, 8)
INSERT INTO [dbo].[genre_resource] ([Id], [resource_id], [genre_id]) VALUES (33, 13, 10)
INSERT INTO [dbo].[genre_resource] ([Id], [resource_id], [genre_id]) VALUES (34, 13, 20)
INSERT INTO [dbo].[genre_resource] ([Id], [resource_id], [genre_id]) VALUES (35, 14, 1)
INSERT INTO [dbo].[genre_resource] ([Id], [resource_id], [genre_id]) VALUES (36, 14, 24)
INSERT INTO [dbo].[genre_resource] ([Id], [resource_id], [genre_id]) VALUES (37, 15, 1)
INSERT INTO [dbo].[genre_resource] ([Id], [resource_id], [genre_id]) VALUES (38, 15, 5)
INSERT INTO [dbo].[genre_resource] ([Id], [resource_id], [genre_id]) VALUES (39, 15, 10)
INSERT INTO [dbo].[genre_resource] ([Id], [resource_id], [genre_id]) VALUES (40, 15, 13)
INSERT INTO [dbo].[genre_resource] ([Id], [resource_id], [genre_id]) VALUES (41, 16, 5)
INSERT INTO [dbo].[genre_resource] ([Id], [resource_id], [genre_id]) VALUES (42, 16, 20)
INSERT INTO [dbo].[genre_resource] ([Id], [resource_id], [genre_id]) VALUES (43, 17, 1)
INSERT INTO [dbo].[genre_resource] ([Id], [resource_id], [genre_id]) VALUES (44, 17, 2)
INSERT INTO [dbo].[genre_resource] ([Id], [resource_id], [genre_id]) VALUES (45, 17, 8)
INSERT INTO [dbo].[genre_resource] ([Id], [resource_id], [genre_id]) VALUES (46, 17, 20)
INSERT INTO [dbo].[genre_resource] ([Id], [resource_id], [genre_id]) VALUES (47, 18, 1)
INSERT INTO [dbo].[genre_resource] ([Id], [resource_id], [genre_id]) VALUES (48, 18, 2)
INSERT INTO [dbo].[genre_resource] ([Id], [resource_id], [genre_id]) VALUES (49, 18, 8)
INSERT INTO [dbo].[genre_resource] ([Id], [resource_id], [genre_id]) VALUES (50, 18, 10)
INSERT INTO [dbo].[genre_resource] ([Id], [resource_id], [genre_id]) VALUES (51, 19, 6)
INSERT INTO [dbo].[genre_resource] ([Id], [resource_id], [genre_id]) VALUES (52, 19, 8)
INSERT INTO [dbo].[genre_resource] ([Id], [resource_id], [genre_id]) VALUES (53, 21, 8)
INSERT INTO [dbo].[genre_resource] ([Id], [resource_id], [genre_id]) VALUES (54, 21, 16)
INSERT INTO [dbo].[genre_resource] ([Id], [resource_id], [genre_id]) VALUES (55, 21, 20)
INSERT INTO [dbo].[genre_resource] ([Id], [resource_id], [genre_id]) VALUES (56, 22, 2)
INSERT INTO [dbo].[genre_resource] ([Id], [resource_id], [genre_id]) VALUES (57, 22, 3)
INSERT INTO [dbo].[genre_resource] ([Id], [resource_id], [genre_id]) VALUES (58, 22, 5)
INSERT INTO [dbo].[genre_resource] ([Id], [resource_id], [genre_id]) VALUES (59, 22, 9)
INSERT INTO [dbo].[genre_resource] ([Id], [resource_id], [genre_id]) VALUES (60, 7, 2)
INSERT INTO [dbo].[genre_resource] ([Id], [resource_id], [genre_id]) VALUES (61, 10, 2)
INSERT INTO [dbo].[genre_resource] ([Id], [resource_id], [genre_id]) VALUES (62, 14, 2)
INSERT INTO [dbo].[genre_resource] ([Id], [resource_id], [genre_id]) VALUES (63, 23, 1)
INSERT INTO [dbo].[genre_resource] ([Id], [resource_id], [genre_id]) VALUES (64, 23, 2)
INSERT INTO [dbo].[genre_resource] ([Id], [resource_id], [genre_id]) VALUES (65, 23, 10)
SET IDENTITY_INSERT [dbo].[genre_resource] OFF

SET IDENTITY_INSERT [dbo].[image] ON
INSERT INTO [dbo].[image] ([Id], [size_type], [uri], [resource_id]) VALUES (2, 1, N'http://image.tmdb.org/t/p/w500/62HCnUTziyWcpDaBO2i1DX17ljH.jpg', 7)
INSERT INTO [dbo].[image] ([Id], [size_type], [uri], [resource_id]) VALUES (4, 2, N'http://image.tmdb.org/t/p/w1280/h9FntJvpgFCBhL46UAH2ihSPZCZ.jpg', 7)
INSERT INTO [dbo].[image] ([Id], [size_type], [uri], [resource_id]) VALUES (5, 2, N'http://image.tmdb.org/t/p/w1280/x9jUjY3hcm6StdNEiGfOFDTC3kA.jpg', 7)
INSERT INTO [dbo].[image] ([Id], [size_type], [uri], [resource_id]) VALUES (6, 1, N'http://image.tmdb.org/t/p/w500/zgH8Ej50n2cvJCMJrxd4twEwSqz.jpg', 8)
INSERT INTO [dbo].[image] ([Id], [size_type], [uri], [resource_id]) VALUES (8, 2, N'http://image.tmdb.org/t/p/w1280/t0mlRTk2WmVfoREvFIkb6tUfxIK.jpg', 8)
INSERT INTO [dbo].[image] ([Id], [size_type], [uri], [resource_id]) VALUES (9, 2, N'http://image.tmdb.org/t/p/w1280//xUnHCJqNF1zA7gYiJJ3DjNDZxuh.jpg', 8)
INSERT INTO [dbo].[image] ([Id], [size_type], [uri], [resource_id]) VALUES (10, 1, N'http://image.tmdb.org/t/p/w500/AcKVlWaNVVVFQwro3nLXqPljcYA.jpg', 9)
INSERT INTO [dbo].[image] ([Id], [size_type], [uri], [resource_id]) VALUES (11, 2, N'http://image.tmdb.org/t/p/w1280/vQFVLSMcurC9eFMaVTvtnD0CmvT.jpg', 9)
INSERT INTO [dbo].[image] ([Id], [size_type], [uri], [resource_id]) VALUES (12, 2, N'http://image.tmdb.org/t/p/w1280/egCJ0P2Cgf9Wh8UCrkOaRDG5phl.jpg', 9)
INSERT INTO [dbo].[image] ([Id], [size_type], [uri], [resource_id]) VALUES (13, 2, N'http://image.tmdb.org/t/p/w1280/mVfIqXMXCXFOSVhuGEYpsTGkalh.jpg', 9)
INSERT INTO [dbo].[image] ([Id], [size_type], [uri], [resource_id]) VALUES (14, 2, N'http://image.tmdb.org/t/p/w1280/jFS2HanIjwANiYuhNegn1S17MNh.jpg', 9)
INSERT INTO [dbo].[image] ([Id], [size_type], [uri], [resource_id]) VALUES (15, 1, N'http://image.tmdb.org/t/p/w500//r7XifzvtezNt31ypvsmb6Oqxw49.jpg', 10)
INSERT INTO [dbo].[image] ([Id], [size_type], [uri], [resource_id]) VALUES (16, 2, N'http://image.tmdb.org/t/p/w1280/7fBJzp58HrQjePIkS1fFbTTJMWI.jpg', 10)
INSERT INTO [dbo].[image] ([Id], [size_type], [uri], [resource_id]) VALUES (17, 2, N'http://image.tmdb.org/t/p/w1280/9FQmThEGHHwWYjY4U15oTqJgLHv.jpg', 10)
INSERT INTO [dbo].[image] ([Id], [size_type], [uri], [resource_id]) VALUES (18, 1, N'http://image.tmdb.org/t/p/w500/z2yahl2uefxDCl0nogcRBstwruJ.jpg', 12)
INSERT INTO [dbo].[image] ([Id], [size_type], [uri], [resource_id]) VALUES (19, 2, N'http://image.tmdb.org/t/p/w1280/Aa9TLpNpBMyRkD8sPJ7ACKLjt0l.jpg', 12)
INSERT INTO [dbo].[image] ([Id], [size_type], [uri], [resource_id]) VALUES (24, 1, N'http://image.tmdb.org/t/p/w500/q54qEgagGOYCq5D1903eBVMNkbo.jpg', 13)
INSERT INTO [dbo].[image] ([Id], [size_type], [uri], [resource_id]) VALUES (25, 2, N'http://image.tmdb.org/t/p/w1280/eqhKMZTLcieAvoH6CBqknTTfNby.jpg', 13)
INSERT INTO [dbo].[image] ([Id], [size_type], [uri], [resource_id]) VALUES (26, 1, N'http://image.tmdb.org/t/p/w500/ujr5pztc1oitbe7ViMUOilFaJ7s.jpg', 14)
INSERT INTO [dbo].[image] ([Id], [size_type], [uri], [resource_id]) VALUES (28, 2, N'http://image.tmdb.org/t/p/w1280/7mE4VrrxpiEx4fD6eS1uZY0n7kc.jpg', 14)
INSERT INTO [dbo].[image] ([Id], [size_type], [uri], [resource_id]) VALUES (29, 2, N'http://image.tmdb.org/t/p/w1280/7ZO9yoEU2fAHKhmJWfAc2QIPWJg.jpg', 14)
INSERT INTO [dbo].[image] ([Id], [size_type], [uri], [resource_id]) VALUES (31, 2, N'http://image.tmdb.org/t/p/w1280/fl05mRLLFDvk85dxKWZiaer1PX0.jpg', 14)
INSERT INTO [dbo].[image] ([Id], [size_type], [uri], [resource_id]) VALUES (33, 1, N'http://image.tmdb.org/t/p/w500/bI7lGR5HuYlENlp11brKUAaPHuO.jpg', 15)
INSERT INTO [dbo].[image] ([Id], [size_type], [uri], [resource_id]) VALUES (34, 2, N'http://image.tmdb.org/t/p/w1280/wDyM1lIIgK4RIDAgr8iuZe9N1cf.jpg', 15)
INSERT INTO [dbo].[image] ([Id], [size_type], [uri], [resource_id]) VALUES (35, 1, N'http://image.tmdb.org/t/p/w500/hJfI6AGrmr4uSHRccfJuSsapvOb.jpg', 16)
INSERT INTO [dbo].[image] ([Id], [size_type], [uri], [resource_id]) VALUES (37, 2, N'http://image.tmdb.org/t/p/w1280/9GvhICFMiRQA82vS6ydkXxeEkrd.jpg', 16)
INSERT INTO [dbo].[image] ([Id], [size_type], [uri], [resource_id]) VALUES (38, 1, N'http://image.tmdb.org/t/p/w500/lKDIhc9FQibDiBQ57n3ELfZCyZg.jpg', 17)
INSERT INTO [dbo].[image] ([Id], [size_type], [uri], [resource_id]) VALUES (39, 2, N'http://image.tmdb.org/t/p/w1280/wNKwOtq27yfN13SKKV07NwkpBA3.jpg', 17)
INSERT INTO [dbo].[image] ([Id], [size_type], [uri], [resource_id]) VALUES (40, 1, N'http://image.tmdb.org/t/p/w500/u3bZgnGQ9T01sWNhyveQz0wH0Hl.jpg', 18)
INSERT INTO [dbo].[image] ([Id], [size_type], [uri], [resource_id]) VALUES (41, 2, N'http://image.tmdb.org/t/p/w1280/suopoADq0k8YZr4dQXcU6pToj6s.jpg', 18)
INSERT INTO [dbo].[image] ([Id], [size_type], [uri], [resource_id]) VALUES (42, 1, N'http://image.tmdb.org/t/p/w500/fC2HDm5t0kHl7mTm7jxMR31b7by.jpg', 19)
INSERT INTO [dbo].[image] ([Id], [size_type], [uri], [resource_id]) VALUES (43, 2, N'http://image.tmdb.org/t/p/w1280/t15KHp3iNfHVQBNIaqUGW12xQA4.jpg', 19)
INSERT INTO [dbo].[image] ([Id], [size_type], [uri], [resource_id]) VALUES (44, 1, N'http://image.tmdb.org/t/p/w500/49WJfeN0moxb9IPfGn8AIqMGskD.jpg', 21)
INSERT INTO [dbo].[image] ([Id], [size_type], [uri], [resource_id]) VALUES (45, 2, N'http://image.tmdb.org/t/p/w1280/56v2KjBlU4XaOv9rVYEQypROD7P.jpg', 21)
INSERT INTO [dbo].[image] ([Id], [size_type], [uri], [resource_id]) VALUES (46, 1, N'http://image.tmdb.org/t/p/w500/wKiOkZTN9lUUUNZLmtnwubZYONg.jpg', 22)
INSERT INTO [dbo].[image] ([Id], [size_type], [uri], [resource_id]) VALUES (47, 2, N'http://image.tmdb.org/t/p/w1280/nmGWzTLMXy9x7mKd8NKPLmHtWGa.jpg', 22)
INSERT INTO [dbo].[image] ([Id], [size_type], [uri], [resource_id]) VALUES (48, 1, N'http://image.tmdb.org/t/p/w500/pIkRyD18kl4FhoCNQuWxWu5cBLM.jpg', 23)
INSERT INTO [dbo].[image] ([Id], [size_type], [uri], [resource_id]) VALUES (49, 2, N'http://image.tmdb.org/t/p/w1280/vvObT0eIWGlArLQx3K5wZ0uT812.jpg', 23)
SET IDENTITY_INSERT [dbo].[image] OFF

